{"stats":{"minecraft:picked_up":{"minecraft:crafting_table":2,"minecraft:feather":2,"minecraft:andesite":119,"minecraft:leather":1,"greekfantasy:olive_log":4,"minecraft:dirt":9,"greekfantasy:olive_sapling":1,"greekfantasy:olives":14,"iceandfire:frost_lily":1,"minecraft:beef":6,"minecraft:iron_ore":70,"greekfantasy:olive_wood":9,"minecraft:chest":1,"minecraft:furnace":6,"minecraft:stick":4,"iceandfire:dragonbone":8,"minecraft:torch":3,"divinerpg:cyclops_eye_shards":1,"minecraft:diorite":1,"iceandfire:dragon_skull_ice":1,"greekfantasy:olive_planks":18,"waystones:waystone":1,"minecraft:granite":40,"exoticbirds:raw_birdmeat":3,"minecraft:coal":191,"minecraft:snowball":12,"minecraft:cobblestone":41},"minecraft:used":{"minecraft:stone_pickaxe":131,"minecraft:wooden_pickaxe":177,"minecraft:iron_sword":10,"minecraft:wooden_shovel":11,"minecraft:cooked_salmon":1,"minecraft:dirt":2,"minecraft:crafting_table":2,"minecraft:wooden_axe":14,"minecraft:apple":2,"minecraft:bread":1,"minecraft:iron_pickaxe":70,"exoticbirds:cooked_birdmeat":3,"minecraft:cobblestone":14,"minecraft:furnace":6},"minecraft:crafted":{"spartanshields:shield_basic_wood":1,"minecraft:oak_planks":4,"minecraft:wooden_shovel":1,"spartanshields:shield_basic_iron":1,"minecraft:crafting_table":1,"minecraft:wooden_pickaxe":2,"minecraft:iron_helmet":1,"minecraft:iron_sword":1,"minecraft:furnace":3,"minecraft:cooked_salmon":2,"minecraft:air":0,"minecraft:iron_boots":1,"minecraft:iron_chestplate":1,"greekfantasy:olive_planks":52,"minecraft:shield":1,"minecraft:stick":16,"minecraft:iron_ingot":57,"minecraft:iron_pickaxe":1,"minecraft:stone_pickaxe":1,"exoticbirds:cooked_birdmeat":3,"minecraft:iron_leggings":1},"minecraft:custom":{"minecraft:interact_with_furnace":45,"minecraft:mob_kills":7,"minecraft:interact_with_crafting_table":22,"minecraft:play_one_minute":30509,"minecraft:leave_game":2,"minecraft:time_since_death":30509,"minecraft:time_since_rest":30509,"minecraft:sprint_one_cm":34273,"minecraft:walk_one_cm":63115,"minecraft:damage_taken":330,"minecraft:damage_dealt":470,"minecraft:damage_dealt_absorbed":24,"minecraft:fly_one_cm":122602,"minecraft:open_chest":1,"minecraft:crouch_one_cm":441,"minecraft:sneak_time":240,"minecraft:jump":495,"minecraft:fall_one_cm":15545},"minecraft:killed":{"divinerpg:cyclops":1,"exoticbirds:penguin":2,"minecraft:cow":4},"minecraft:broken":{"minecraft:stone_pickaxe":1,"minecraft:wooden_pickaxe":3},"minecraft:mined":{"greekfantasy:olive_wood":9,"greekfantasy:olive_leaves":92,"minecraft:torch":3,"minecraft:crafting_table":2,"minecraft:granite":40,"minecraft:grass_block":3,"minecraft:chest":1,"minecraft:diorite":1,"greekfantasy:olive_log":4,"minecraft:furnace":6,"minecraft:iron_ore":61,"minecraft:andesite":119,"minecraft:coal_ore":108,"minecraft:dirt":6,"iceandfire:frost_lily":1,"minecraft:stone":41}},"DataVersion":2586}